nombre_campo,longitud,tipo,nemónico,catálogo,rango_claves 
"Clave única del hogar","5","C","cunicah","","00001...19627"
"Número de persona","3","C","np","","010...024"
"Subhogar","2","C","subhog_mxcog_21","subhog_mxcog_21","00...77"
"Tipo de levantamiento","1","C","mc_tipent_cognitivo_21","mc_tipent_cognitivo_21","1,2"
"Fecha de levantamiento","10","C","int_date_mxcog_21","","17/07/2021...02/09/2021"
"Estrato de diseño","1","C","est_dis_mxcog_21","est_dis_mxcog_21","1...4"
"Unidad primaria de muestreo de diseño","8","C","upm_dis_mxcog_21","","00000012...00012514"
"Tamaño de localidad","1","C","tam_loc_mxcog_21","tam_loc_mxcog_21","1...4"
"Factor de expansión","6","C","factor_mxcog_21","","37...289624"
"Edad del SE","3","C","age_mxcog_21","","058...101"
"Sexo del SE","1","C","sex_mxcog_21","sex_mxcog_21","1,2"
"Pregunta MC.PRE.A.21 Confirma sexo del sujeto de estudio (hombre/mujer)","1","C","mc_pre_a_21","mc_pre_a_21","1,2"
"Pregunta MC.FILTRO.C.21 El sujeto de estudio presenta problemas auditivos, cognitivos o de salud graves que impiden aplicación de prueba cognitiva","1","C","mc_filtro_c_21","mc_filtro_c_21","1,2"
"Pregunta MC.P1A.1.21 ¿Respondió correctamente el día?","1","C","mc_p1a_1_21","mc_p1a_1_21","1,2"
"Pregunta MC.P1A.2.21 ¿Respondió correctamente el mes?","1","C","mc_p1a_2_21","mc_p1a_2_21","1,2"
"Pregunta MC.P1A.3.21 ¿Respondió correctamente el año?","1","C","mc_p1a_3_21","mc_p1a_3_21","1,2"
"Pregunta MC.P2.21 ¿Qué día de la semana es hoy?","1","C","mc_p2_21","mc_p2_21","1...7,9"
"Pregunta MC.P2A.21 ¿Respondió correctamente?","1","C","mc_p2a_21","mc_p2a_21","1,2"
"Pregunta MC.P3.1.21 Sin consultar el reloj, me podría decir, ¿qué hora es aproximadamente? - HORAS","2","C","mc_p3_1_21","mc_p3_1_21","01...22,99"
"Pregunta MC.P3.2.21 Sin consultar el reloj, me podría decir, ¿qué hora es aproximadamente? - MINUTOS","2","C","mc_p3_2_21","mc_p3_2_21","00...59,99"
"Pregunta MC.P3A.1.21 Anota la hora correcta - HORAS","2","C","mc_p3a_1_21","","00...23"
"Pregunta MC.P3A.2.21 Anota la hora correcta - MINUTOS","2","C","mc_p3a_2_21","","00...59"
"Pregunta MC.P4.1.21 ¿Me puede decir en dónde estamos usted y yo ahora?","1","C","mc_p4_1_21","mc_p4_1_21","1,2,8,9"
"Pregunta MC.P4.2.21 ¿Me puede decir en qué país estamos?","1","C","mc_p4_2_21","mc_p4_2_21","1,2,8,9"
"Pregunta MC.P4.3.21 ¿Me puede decir en qué estado estamos?","1","C","mc_p4_3_21","mc_p4_3_21","1,2,8,9"
"Pregunta MC.P5.1.21 Le voy a mencionar tres objetos, cuando termine, le pido por favor que usted los repita. No importa el orden en que los diga. - PAPEL","1","C","mc_p5_1_21","mc_p5_1_21","1,2,8"
"Pregunta MC.P5.2.21 Le voy a mencionar tres objetos, cuando termine, le pido por favor que usted los repita. No importa el orden en que los diga. - BICICLETA","1","C","mc_p5_2_21","mc_p5_2_21","1,2,8"
"Pregunta MC.P5.3.21 Le voy a mencionar tres objetos, cuando termine, le pido por favor que usted los repita. No importa el orden en que los diga. - CUCHARA","1","C","mc_p5_3_21","mc_p5_3_21","1,2,8"
"Pregunta MC.P6.1.21 Le voy a pedir que reste de 3 en 3, a partir de 20. Esto lo debe hacer 5 veces. RESTA 1.-  ¿20 menos 3?","2","C","mc_p6_1_21","mc_p6_1_21","01...60,77,88"
"Pregunta MC.P6.2.21 Le voy a pedir que reste de 3 en 3, a partir de 20. Esto lo debe hacer 5 veces. RESTA 2.-  ¿menos 3?","2","C","mc_p6_2_21","mc_p6_2_21","01...50,77,88"
"Pregunta MC.P6.3.21 Le voy a pedir que reste de 3 en 3, a partir de 20. Esto lo debe hacer 5 veces. RESTA 3.-  ¿menos 3?","2","C","mc_p6_3_21","mc_p6_3_21","01...60,77,88"
"Pregunta MC.P6.4.21 Le voy a pedir que reste de 3 en 3, a partir de 20. Esto lo debe hacer 5 veces. RESTA 4.-  ¿menos 3?","2","C","mc_p6_4_21","mc_p6_4_21","01...47,77,80,85,88"
"Pregunta MC.P6.5.21 Le voy a pedir que reste de 3 en 3, a partir de 20. Esto lo debe hacer 5 veces. RESTA 5.-  ¿menos 3?","2","C","mc_p6_5_21","mc_p6_5_21","01...67,77,88"
"Pregunta MC.P7.1.21 Le voy a pedir que reste de 7 en 7, a partir de 100. Esto lo debe hacer 5 veces. RESTA 1.- ¿100 menos 7?","3","C","mc_p7_1_21","mc_p7_1_21","003...193,777,888"
"Pregunta MC.P7.2.21 Le voy a pedir que reste de 7 en 7, a partir de 100. Esto lo debe hacer 5 veces. RESTA 2.- ¿menos 7?","3","C","mc_p7_2_21","mc_p7_2_21","001...280,777,888"
"Pregunta MC.P7.3.21 Le voy a pedir que reste de 7 en 7, a partir de 100. Esto lo debe hacer 5 veces. RESTA 3.- ¿menos 7?","3","C","mc_p7_3_21","mc_p7_3_21","001...340,777,888"
"Pregunta MC.P7.4.21 Le voy a pedir que reste de 7 en 7, a partir de 100. Esto lo debe hacer 5 veces. RESTA 4.- ¿menos 7?","3","C","mc_p7_4_21","mc_p7_4_21","001...777,888"
"Pregunta MC.P7.5.21 Le voy a pedir que reste de 7 en 7, a partir de 100. Esto lo debe hacer 5 veces. RESTA 5.- ¿menos 7?","3","C","mc_p7_5_21","mc_p7_5_21","001...400,777,888"
"Pregunta MC.P8.1.21 Ahora, dígame por favor los tres objetos que le mencioné. - PAPEL","1","C","mc_p8_1_21","mc_p8_1_21","1,2,8"
"Pregunta MC.P8.2.21 Ahora, dígame por favor los tres objetos que le mencioné. - BICICLETA","1","C","mc_p8_2_21","mc_p8_2_21","1,2,8"
"Pregunta MC.P8.3.21 Ahora, dígame por favor los tres objetos que le mencioné. - CUCHARA","1","C","mc_p8_3_21","mc_p8_3_21","1,2,8"
"Pregunta MC.P9.1.21 Le voy a dar algunas instrucciones. Sígalas en el orden en que se las voy a decir. “Tome este papel con la mano derecha, dóblelo por la mitad y déjelo en el suelo”. - TOMÓ EL PAPEL CON LA MANO DERECHA","1","C","mc_p9_1_21","mc_p9_1_21","1...3,7,8"
"Pregunta MC.P9.2.21 Le voy a dar algunas instrucciones. Sígalas en el orden en que se las voy a decir. “Tome este papel con la mano derecha, dóblelo por la mitad y déjelo en el suelo”. - LO DOBLÓ POR LA MITAD","1","C","mc_p9_2_21","mc_p9_2_21","1...3,7,8"
"Pregunta MC.P9.3.21 Le voy a dar algunas instrucciones. Sígalas en el orden en que se las voy a decir. “Tome este papel con la mano derecha, dóblelo por la mitad y déjelo en el suelo”. - LO DEJÓ EN EL SUELO","1","C","mc_p9_3_21","mc_p9_3_21","1...3,7,8"
"Pregunta MC.FILTRO.D.21 Verifica con el sujeto de estudio: ¿Usted necesita lentes para ver de cerca?","1","C","mc_filtro_d_21","mc_filtro_d_21","1,2"
"Pregunta MC.P10.21  ¿Qué es esto? - MUESTRE TARJETA 1","1","C","mc_p10_21","mc_p10_21","1...3,9"
"Pregunta MC.P11.21  ¿Qué es esto? - MUESTRE TARJETA 2","1","C","mc_p11_21","mc_p11_21","1,2,9"
"Pregunta MC.P12.21  Ahora le voy a decir una frase, por favor repítala después de mí. “Más vale tarde que nunca”","1","C","mc_p12_21","mc_p12_21","1,2,8"
"Pregunta MC.FILTRO.1.21 Tiene limitación visual (código 3 en pregunta 10)","1","C","mc_filtro_1_21","mc_filtro_1_21","1,2"
"Pregunta MC.P13.21 Por favor, haga lo que dice aquí: - MUESTRE TARJETA 3","1","C","mc_p13_21","mc_p13_21","1...3"
"Pregunta MC.P14.21 En este espacio, por favor, escriba una frase sencilla","1","C","mc_p14_21","mc_p14_21","1...4"
"Pregunta MC.ESCRITURA.21 Evaluación y resultado del ejercicio correspondiente a Escritura","1","C","mc_escritura_21","mc_escritura_21","0,1"
"Pregunta MC.P15.21 Copie, por favor, este dibujo tal y como está","1","C","mc_p15_21","mc_p15_21","1,2"
"Pregunta MC.PRAXIAS.21 Evaluación y resultado del ejercicio correspondiente a Praxias","1","C","mc_praxias_21","mc_praxias_21","0,1"
"Pregunta MC.P16.01.21 Voy a leerle una lista de palabras. Cuando yo termine de leerlas, usted debe de repetir todas las palabras que pueda. No importa el orden en que usted las repita. ¿Puedo iniciar? - MANTEQUILLA","1","C","mc_p16_01_21","mc_p16_01_21","1,2,8"
"Pregunta MC.P16.02.21 Voy a leerle una lista de palabras. Cuando yo termine de leerlas, usted debe de repetir todas las palabras que pueda. No importa el orden en que usted las repita. ¿Puedo iniciar? - BRAZO","1","C","mc_p16_02_21","mc_p16_02_21","1,2,8"
"Pregunta MC.P16.03.21 Voy a leerle una lista de palabras. Cuando yo termine de leerlas, usted debe de repetir todas las palabras que pueda. No importa el orden en que usted las repita. ¿Puedo iniciar? - CARTA","1","C","mc_p16_03_21","mc_p16_03_21","1,2,8"
"Pregunta MC.P16.04.21 Voy a leerle una lista de palabras. Cuando yo termine de leerlas, usted debe de repetir todas las palabras que pueda. No importa el orden en que usted las repita. ¿Puedo iniciar? - REINA","1","C","mc_p16_04_21","mc_p16_04_21","1,2,8"
"Pregunta MC.P16.05.21 Voy a leerle una lista de palabras. Cuando yo termine de leerlas, usted debe de repetir todas las palabras que pueda. No importa el orden en que usted las repita. ¿Puedo iniciar? - BOLETO","1","C","mc_p16_05_21","mc_p16_05_21","1,2,8"
"Pregunta MC.P16.06.21 Voy a leerle una lista de palabras. Cuando yo termine de leerlas, usted debe de repetir todas las palabras que pueda. No importa el orden en que usted las repita. ¿Puedo iniciar? - HIERBA","1","C","mc_p16_06_21","mc_p16_06_21","1,2,8"
"Pregunta MC.P16.07.21 Voy a leerle una lista de palabras. Cuando yo termine de leerlas, usted debe de repetir todas las palabras que pueda. No importa el orden en que usted las repita. ¿Puedo iniciar? - ESQUINA","1","C","mc_p16_07_21","mc_p16_07_21","1,2,8"
"Pregunta MC.P16.08.21 Voy a leerle una lista de palabras. Cuando yo termine de leerlas, usted debe de repetir todas las palabras que pueda. No importa el orden en que usted las repita. ¿Puedo iniciar? - PIEDRA","1","C","mc_p16_08_21","mc_p16_08_21","1,2,8"
"Pregunta MC.P16.09.21 Voy a leerle una lista de palabras. Cuando yo termine de leerlas, usted debe de repetir todas las palabras que pueda. No importa el orden en que usted las repita. ¿Puedo iniciar? - LIBRO","1","C","mc_p16_09_21","mc_p16_09_21","1,2,8"
"Pregunta MC.P16.10.21 Voy a leerle una lista de palabras. Cuando yo termine de leerlas, usted debe de repetir todas las palabras que pueda. No importa el orden en que usted las repita. ¿Puedo iniciar? - BASTÓN","1","C","mc_p16_10_21","mc_p16_10_21","1,2,8"
"Pregunta MC.P17.01.21 Voy a leer la misma lista otra vez. Una vez más, cuando yo me detenga, dígame todas las palabras que pueda, incluyendo las que ya dijo antes. ¿Está listo(a)? - MANTEQUILLA","1","C","mc_p17_01_21","mc_p17_01_21","1,2,8"
"Pregunta MC.P17.02.21 Voy a leer la misma lista otra vez. Una vez más, cuando yo me detenga, dígame todas las palabras que pueda, incluyendo las que ya dijo antes. ¿Está listo(a)? - BRAZO","1","C","mc_p17_02_21","mc_p17_02_21","1,2,8"
"Pregunta MC.P17.03.21 Voy a leer la misma lista otra vez. Una vez más, cuando yo me detenga, dígame todas las palabras que pueda, incluyendo las que ya dijo antes. ¿Está listo(a)? - CARTA","1","C","mc_p17_03_21","mc_p17_03_21","1,2,8"
"Pregunta MC.P17.04.21 Voy a leer la misma lista otra vez. Una vez más, cuando yo me detenga, dígame todas las palabras que pueda, incluyendo las que ya dijo antes. ¿Está listo(a)? - REINA","1","C","mc_p17_04_21","mc_p17_04_21","1,2,8"
"Pregunta MC.P17.05.21 Voy a leer la misma lista otra vez. Una vez más, cuando yo me detenga, dígame todas las palabras que pueda, incluyendo las que ya dijo antes. ¿Está listo(a)? - BOLETO","1","C","mc_p17_05_21","mc_p17_05_21","1,2,8"
"Pregunta MC.P17.06.21 Voy a leer la misma lista otra vez. Una vez más, cuando yo me detenga, dígame todas las palabras que pueda, incluyendo las que ya dijo antes. ¿Está listo(a)? - HIERBA","1","C","mc_p17_06_21","mc_p17_06_21","1,2,8"
"Pregunta MC.P17.07.21 Voy a leer la misma lista otra vez. Una vez más, cuando yo me detenga, dígame todas las palabras que pueda, incluyendo las que ya dijo antes. ¿Está listo(a)? - ESQUINA","1","C","mc_p17_07_21","mc_p17_07_21","1,2,8"
"Pregunta MC.P17.08.21 Voy a leer la misma lista otra vez. Una vez más, cuando yo me detenga, dígame todas las palabras que pueda, incluyendo las que ya dijo antes. ¿Está listo(a)? - PIEDRA","1","C","mc_p17_08_21","mc_p17_08_21","1,2,8"
"Pregunta MC.P17.09.21 Voy a leer la misma lista otra vez. Una vez más, cuando yo me detenga, dígame todas las palabras que pueda, incluyendo las que ya dijo antes. ¿Está listo(a)? - LIBRO","1","C","mc_p17_09_21","mc_p17_09_21","1,2,8"
"Pregunta MC.P17.10.21 Voy a leer la misma lista otra vez. Una vez más, cuando yo me detenga, dígame todas las palabras que pueda, incluyendo las que ya dijo antes. ¿Está listo(a)? - BASTÓN","1","C","mc_p17_10_21","mc_p17_10_21","1,2,8"
"Pregunta MC.P18.01.21 Hagamos el ejercicio por última vez. ¿Está listo(a)? - MANTEQUILLA","1","C","mc_p18_01_21","mc_p18_01_21","1,2,8"
"Pregunta MC.P18.02.21 Hagamos el ejercicio por última vez. ¿Está listo(a)? - BRAZO","1","C","mc_p18_02_21","mc_p18_02_21","1,2,8"
"Pregunta MC.P18.03.21 Hagamos el ejercicio por última vez. ¿Está listo(a)? - CARTA","1","C","mc_p18_03_21","mc_p18_03_21","1,2,8"
"Pregunta MC.P18.04.21 Hagamos el ejercicio por última vez. ¿Está listo(a)? - REINA","1","C","mc_p18_04_21","mc_p18_04_21","1,2,8"
"Pregunta MC.P18.05.21 Hagamos el ejercicio por última vez. ¿Está listo(a)? - BOLETO","1","C","mc_p18_05_21","mc_p18_05_21","1,2,8"
"Pregunta MC.P18.06.21 Hagamos el ejercicio por última vez. ¿Está listo(a)? - HIERBA","1","C","mc_p18_06_21","mc_p18_06_21","1,2,8"
"Pregunta MC.P18.07.21 Hagamos el ejercicio por última vez. ¿Está listo(a)? - ESQUINA","1","C","mc_p18_07_21","mc_p18_07_21","1,2,8"
"Pregunta MC.P18.08.21 Hagamos el ejercicio por última vez. ¿Está listo(a)? - PIEDRA","1","C","mc_p18_08_21","mc_p18_08_21","1,2,8"
"Pregunta MC.P18.09.21 Hagamos el ejercicio por última vez. ¿Está listo(a)? - LIBRO","1","C","mc_p18_09_21","mc_p18_09_21","1,2,8"
"Pregunta MC.P18.10.21 Hagamos el ejercicio por última vez. ¿Está listo(a)? - BASTÓN","1","C","mc_p18_10_21","mc_p18_10_21","1,2,8"
"Pregunta MC.P19.21 Piense en todos los animales que vivan en el aire, en el agua, en la tierra, en el bosque, todas las clases de animales. Ahora le voy a pedir que me diga todos los animales que pueda. Tiene un minuto para hacerlo","1","C","mc_p19_21","mc_p19_21","1,2"
"Pregunta MC.ANIMALES.DISTINTOS.21 Evaluación y resultado del ejercicio correspondiente a Animales distintos","2","C","mc_animales_distintos_21","","00...33"
"Pregunta MC.ANIMALES.REPETIDOS.21 Evaluación y resultado del ejercicio correspondiente a Animales repetidos","2","C","mc_animales_repetidos_21","","00...21"
"Pregunta MC.TOTAL.ANIMALES.21 Evaluación y resultado del ejercicio correspondiente a Total animales","2","C","mc_total_animales_21","","00...35"
"Pregunta MC.FILTRO.2.21 Tiene limitación física en sus manos o limitación visual (código 3 en preguntas 9 ó 10)","1","C","mc_filtro_2_21","mc_filtro_2_21","1,2"
"Pregunta MC.P20.21 Por favor, encuentre las figuras que son exactamente como ésta, en la página que sigue. Encuentre tantas figuras como pueda y circule cada figura como yo lo estoy haciendo","1","C","mc_p20_21","mc_p20_21","1,2"
"Pregunta MC.RECORRIDO.CORRECTO.21 Evaluación y resultado del ejercicio correspondiente a Recorrido correcto","2","C","mc_recorrido_correcto_21","","00...60"
"Pregunta MC.RECORRIDO.INCORRECTO.21 Evaluación y resultado del ejercicio correspondiente a Recorrido incorrecto","2","C","mc_recorrido_incorrecto_21","","00...52"
"Pregunta MC.P21.21 Por favor, cuente de 20 para atrás hasta 0. Hágalo lo más rápido posible. Yo le indicaré cuándo puede comenzar y cuándo detenerse. - PRIMER INTENTO","1","C","mc_p21_21","mc_p21_21","1...3,8"
"Pregunta MC.P22.21 Probemos de nuevo - SEGUNDO INTENTO","1","C","mc_p22_21","mc_p22_21","1,2,8"
"Pregunta MC.P23.21 TIEMPO","2","C","mc_p23_21","mc_p23_21","00...60"
"Pregunta MC.P24.21 ¿Cómo se llama esto?","1","C","mc_p24_21","mc_p24_21","1...3,8"
"Pregunta MC.P25.21 ¿Qué es un puente? Me refiero a una construcción","1","C","mc_p25_21","mc_p25_21","1,2,8"
"Pregunta MC.P26.21 ¿Qué se hace con un martillo?","1","C","mc_p26_21","mc_p26_21","1,2,8"
"Pregunta MC.P27.21 ¿Qué se utiliza para cortar papel?","1","C","mc_p27_21","mc_p27_21","1,2,8"
"Pregunta MC.P28.21 Por favor, deme instrucciones para llegar a la tienda más cercana","1","C","mc_p28_21","mc_p28_21","1,2,8"
"Pregunta MC.P29.1.21 Por favor, señale con un dedo, primero al cielo y después al suelo. - SEÑALÓ AL CIELO","1","C","mc_p29_1_21","mc_p29_1_21","1,2,8"
"Pregunta MC.P29.2.21 Por favor, señale con un dedo, primero al cielo y después al suelo. - SEÑALÓ AL SUELO","1","C","mc_p29_2_21","mc_p29_2_21","1,2,8"
"Pregunta MC.P30.01.21 Le leí en tres ocasiones una lista de 10 palabras. ¿Podría por favor decirme todas las palabras que recuerde? No importa el orden en que me las diga. - MANTEQUILLA","1","C","mc_p30_01_21","mc_p30_01_21","1,2,8"
"Pregunta MC.P30.02.21 Le leí en tres ocasiones una lista de 10 palabras. ¿Podría por favor decirme todas las palabras que recuerde? No importa el orden en que me las diga. - BRAZO","1","C","mc_p30_02_21","mc_p30_02_21","1,2,8"
"Pregunta MC.P30.03.21 Le leí en tres ocasiones una lista de 10 palabras. ¿Podría por favor decirme todas las palabras que recuerde? No importa el orden en que me las diga. - CARTA","1","C","mc_p30_03_21","mc_p30_03_21","1,2,8"
"Pregunta MC.P30.04.21 Le leí en tres ocasiones una lista de 10 palabras. ¿Podría por favor decirme todas las palabras que recuerde? No importa el orden en que me las diga. - REINA","1","C","mc_p30_04_21","mc_p30_04_21","1,2,8"
"Pregunta MC.P30.05.21 Le leí en tres ocasiones una lista de 10 palabras. ¿Podría por favor decirme todas las palabras que recuerde? No importa el orden en que me las diga. - BOLETO","1","C","mc_p30_05_21","mc_p30_05_21","1,2,8"
"Pregunta MC.P30.06.21 Le leí en tres ocasiones una lista de 10 palabras. ¿Podría por favor decirme todas las palabras que recuerde? No importa el orden en que me las diga. - HIERBA","1","C","mc_p30_06_21","mc_p30_06_21","1,2,8"
"Pregunta MC.P30.07.21 Le leí en tres ocasiones una lista de 10 palabras. ¿Podría por favor decirme todas las palabras que recuerde? No importa el orden en que me las diga. - ESQUINA","1","C","mc_p30_07_21","mc_p30_07_21","1,2,8"
"Pregunta MC.P30.08.21 Le leí en tres ocasiones una lista de 10 palabras. ¿Podría por favor decirme todas las palabras que recuerde? No importa el orden en que me las diga. - PIEDRA","1","C","mc_p30_08_21","mc_p30_08_21","1,2,8"
"Pregunta MC.P30.09.21 Le leí en tres ocasiones una lista de 10 palabras. ¿Podría por favor decirme todas las palabras que recuerde? No importa el orden en que me las diga. - LIBRO","1","C","mc_p30_09_21","mc_p30_09_21","1,2,8"
"Pregunta MC.P30.10.21 Le leí en tres ocasiones una lista de 10 palabras. ¿Podría por favor decirme todas las palabras que recuerde? No importa el orden en que me las diga. - BASTÓN","1","C","mc_p30_10_21","mc_p30_10_21","1,2,8"
"Pregunta MC.P31.1.21  Ahora le leeré una historia. Cuando termine, le voy a pedir que me repita la historia con todos los detalles que pueda recordar. Primera historia: “Estaban tres niños solos en su casa y la casa se incendió. Un hombre valiente logró subirse por la ventana de atrás, sacó a los niños y se los llevó a un lugar seguro. Fuera de algunas heridas pequeñas y algunos moretones, todos están bien”. Por favor, le pido que me cuente la historia con tantos detalles como sea posible. - TRES NIÑOS","1","C","mc_p31_1_21","mc_p31_1_21","0...2,7,8"
"Pregunta MC.P31.2.21 Ahora le leeré una historia. Cuando termine, le voy a pedir que me repita la historia con todos los detalles que pueda recordar. Primera historia: “Estaban tres niños solos en su casa y la casa se incendió. Un hombre valiente logró subirse por la ventana de atrás, sacó a los niños y se los llevó a un lugar seguro. Fuera de algunas heridas pequeñas y algunos moretones, todos están bien”. Por favor, le pido que me cuente la historia con tantos detalles como sea posible. - CASA SE INCENDIÓ","1","C","mc_p31_2_21","mc_p31_2_21","0...2,7,8"
"Pregunta MC.P31.3.21 Ahora le leeré una historia. Cuando termine, le voy a pedir que me repita la historia con todos los detalles que pueda recordar. Primera historia: “Estaban tres niños solos en su casa y la casa se incendió. Un hombre valiente logró subirse por la ventana de atrás, sacó a los niños y se los llevó a un lugar seguro. Fuera de algunas heridas pequeñas y algunos moretones, todos están bien”. Por favor, le pido que me cuente la historia con tantos detalles como sea posible. - HOMBRE VALIENTE LOGRÓ SUBIRSE","1","C","mc_p31_3_21","mc_p31_3_21","0...2,7,8"
"Pregunta MC.P31.4.21 Ahora le leeré una historia. Cuando termine, le voy a pedir que me repita la historia con todos los detalles que pueda recordar. Primera historia: “Estaban tres niños solos en su casa y la casa se incendió. Un hombre valiente logró subirse por la ventana de atrás, sacó a los niños y se los llevó a un lugar seguro. Fuera de algunas heridas pequeñas y algunos moretones, todos están bien”. Por favor, le pido que me cuente la historia con tantos detalles como sea posible. - SACÓ A LOS NIÑOS","1","C","mc_p31_4_21","mc_p31_4_21","0...2,7,8"
"Pregunta MC.P31.5.21 Ahora le leeré una historia. Cuando termine, le voy a pedir que me repita la historia con todos los detalles que pueda recordar. Primera historia: “Estaban tres niños solos en su casa y la casa se incendió. Un hombre valiente logró subirse por la ventana de atrás, sacó a los niños y se los llevó a un lugar seguro. Fuera de algunas heridas pequeñas y algunos moretones, todos están bien”. Por favor, le pido que me cuente la historia con tantos detalles como sea posible. - HERIDAS PEQUEÑAS","1","C","mc_p31_5_21","mc_p31_5_21","0...2,7,8"
"Pregunta MC.P31.6.21 Ahora le leeré una historia. Cuando termine, le voy a pedir que me repita la historia con todos los detalles que pueda recordar. Primera historia: “Estaban tres niños solos en su casa y la casa se incendió. Un hombre valiente logró subirse por la ventana de atrás, sacó a los niños y se los llevó a un lugar seguro. Fuera de algunas heridas pequeñas y algunos moretones, todos están bien”. Por favor, le pido que me cuente la historia con tantos detalles como sea posible. - TODOS ESTÁN BIEN","1","C","mc_p31_6_21","mc_p31_6_21","0...2,7,8"
"Pregunta MC.P32.01.21 Le contaré otra historia. Por favor, escuche con atención, le voy a pedir que me repita la historia con todos los detalles que pueda. Segunda historia: “María Moreno, del Norte de Guadalajara, que trabajaba como cocinera en la cafetería de la esquina, reportó en la estación de policía que había sido asaltada en la calle Madero la noche anterior y que le robaron 520 pesos. Ella tiene 4 hijos pequeños, la renta está vencida, y ellos no han comido en 2 días. La policía, conmovida por la historia de la mujer, organizó una colecta de dinero para ella”. Por favor, le pido que me cuente la historia con tantos detalles como sea posible. - MARÍA","1","C","mc_p32_01_21","mc_p32_01_21","0...2,7,8"
"Pregunta MC.P32.02.21 Le contaré otra historia. Por favor, escuche con atención, le voy a pedir que me repita la historia con todos los detalles que pueda. Segunda historia: “María Moreno, del Norte de Guadalajara, que trabajaba como cocinera en la cafetería de la esquina, reportó en la estación de policía que había sido asaltada en la calle Madero la noche anterior y que le robaron 520 pesos. Ella tiene 4 hijos pequeños, la renta está vencida, y ellos no han comido en 2 días. La policía, conmovida por la historia de la mujer, organizó una colecta de dinero para ella”. Por favor, le pido que me cuente la historia con tantos detalles como sea posible. - MORENO","1","C","mc_p32_02_21","mc_p32_02_21","0...2,7,8"
"Pregunta MC.P32.03.21 Le contaré otra historia. Por favor, escuche con atención, le voy a pedir que me repita la historia con todos los detalles que pueda. Segunda historia: “María Moreno, del Norte de Guadalajara, que trabajaba como cocinera en la cafetería de la esquina, reportó en la estación de policía que había sido asaltada en la calle Madero la noche anterior y que le robaron 520 pesos. Ella tiene 4 hijos pequeños, la renta está vencida, y ellos no han comido en 2 días. La policía, conmovida por la historia de la mujer, organizó una colecta de dinero para ella”. Por favor, le pido que me cuente la historia con tantos detalles como sea posible. - DEL NORTE","1","C","mc_p32_03_21","mc_p32_03_21","0...2,7,8"
"Pregunta MC.P32.04.21 Le contaré otra historia. Por favor, escuche con atención, le voy a pedir que me repita la historia con todos los detalles que pueda. Segunda historia: “María Moreno, del Norte de Guadalajara, que trabajaba como cocinera en la cafetería de la esquina, reportó en la estación de policía que había sido asaltada en la calle Madero la noche anterior y que le robaron 520 pesos. Ella tiene 4 hijos pequeños, la renta está vencida, y ellos no han comido en 2 días. La policía, conmovida por la historia de la mujer, organizó una colecta de dinero para ella”. Por favor, le pido que me cuente la historia con tantos detalles como sea posible. - GUADALAJARA","1","C","mc_p32_04_21","mc_p32_04_21","0...2,7,8"
"Pregunta MC.P32.05.21 Le contaré otra historia. Por favor, escuche con atención, le voy a pedir que me repita la historia con todos los detalles que pueda. Segunda historia: “María Moreno, del Norte de Guadalajara, que trabajaba como cocinera en la cafetería de la esquina, reportó en la estación de policía que había sido asaltada en la calle Madero la noche anterior y que le robaron 520 pesos. Ella tiene 4 hijos pequeños, la renta está vencida, y ellos no han comido en 2 días. La policía, conmovida por la historia de la mujer, organizó una colecta de dinero para ella”. Por favor, le pido que me cuente la historia con tantos detalles como sea posible. - TRABAJABA","1","C","mc_p32_05_21","mc_p32_05_21","0...2,7,8"
"Pregunta MC.P32.06.21 Le contaré otra historia. Por favor, escuche con atención, le voy a pedir que me repita la historia con todos los detalles que pueda. Segunda historia: “María Moreno, del Norte de Guadalajara, que trabajaba como cocinera en la cafetería de la esquina, reportó en la estación de policía que había sido asaltada en la calle Madero la noche anterior y que le robaron 520 pesos. Ella tiene 4 hijos pequeños, la renta está vencida, y ellos no han comido en 2 días. La policía, conmovida por la historia de la mujer, organizó una colecta de dinero para ella”. Por favor, le pido que me cuente la historia con tantos detalles como sea posible. - COCINERA","1","C","mc_p32_06_21","mc_p32_06_21","0...2,7,8"
"Pregunta MC.P32.07.21 Le contaré otra historia. Por favor, escuche con atención, le voy a pedir que me repita la historia con todos los detalles que pueda. Segunda historia: “María Moreno, del Norte de Guadalajara, que trabajaba como cocinera en la cafetería de la esquina, reportó en la estación de policía que había sido asaltada en la calle Madero la noche anterior y que le robaron 520 pesos. Ella tiene 4 hijos pequeños, la renta está vencida, y ellos no han comido en 2 días. La policía, conmovida por la historia de la mujer, organizó una colecta de dinero para ella”. Por favor, le pido que me cuente la historia con tantos detalles como sea posible. - CAFETERÍA","1","C","mc_p32_07_21","mc_p32_07_21","0...2,7,8"
"Pregunta MC.P32.08.21 Le contaré otra historia. Por favor, escuche con atención, le voy a pedir que me repita la historia con todos los detalles que pueda. Segunda historia: “María Moreno, del Norte de Guadalajara, que trabajaba como cocinera en la cafetería de la esquina, reportó en la estación de policía que había sido asaltada en la calle Madero la noche anterior y que le robaron 520 pesos. Ella tiene 4 hijos pequeños, la renta está vencida, y ellos no han comido en 2 días. La policía, conmovida por la historia de la mujer, organizó una colecta de dinero para ella”. Por favor, le pido que me cuente la historia con tantos detalles como sea posible. - ESQUINA","1","C","mc_p32_08_21","mc_p32_08_21","0...2,7,8"
"Pregunta MC.P32.09.21 Le contaré otra historia. Por favor, escuche con atención, le voy a pedir que me repita la historia con todos los detalles que pueda. Segunda historia: “María Moreno, del Norte de Guadalajara, que trabajaba como cocinera en la cafetería de la esquina, reportó en la estación de policía que había sido asaltada en la calle Madero la noche anterior y que le robaron 520 pesos. Ella tiene 4 hijos pequeños, la renta está vencida, y ellos no han comido en 2 días. La policía, conmovida por la historia de la mujer, organizó una colecta de dinero para ella”. Por favor, le pido que me cuente la historia con tantos detalles como sea posible. - REPORTÓ","1","C","mc_p32_09_21","mc_p32_09_21","0...2,7,8"
"Pregunta MC.P32.10.21 Le contaré otra historia. Por favor, escuche con atención, le voy a pedir que me repita la historia con todos los detalles que pueda. Segunda historia: “María Moreno, del Norte de Guadalajara, que trabajaba como cocinera en la cafetería de la esquina, reportó en la estación de policía que había sido asaltada en la calle Madero la noche anterior y que le robaron 520 pesos. Ella tiene 4 hijos pequeños, la renta está vencida, y ellos no han comido en 2 días. La policía, conmovida por la historia de la mujer, organizó una colecta de dinero para ella”. Por favor, le pido que me cuente la historia con tantos detalles como sea posible. - EN LA ESTACIÓN","1","C","mc_p32_10_21","mc_p32_10_21","0...2,7,8"
"Pregunta MC.P32.11.21 Le contaré otra historia. Por favor, escuche con atención, le voy a pedir que me repita la historia con todos los detalles que pueda. Segunda historia: “María Moreno, del Norte de Guadalajara, que trabajaba como cocinera en la cafetería de la esquina, reportó en la estación de policía que había sido asaltada en la calle Madero la noche anterior y que le robaron 520 pesos. Ella tiene 4 hijos pequeños, la renta está vencida, y ellos no han comido en 2 días. La policía, conmovida por la historia de la mujer, organizó una colecta de dinero para ella”. Por favor, le pido que me cuente la historia con tantos detalles como sea posible. - POLICÍA","1","C","mc_p32_11_21","mc_p32_11_21","0...2,7,8"
"Pregunta MC.P32.12.21 Le contaré otra historia. Por favor, escuche con atención, le voy a pedir que me repita la historia con todos los detalles que pueda. Segunda historia: “María Moreno, del Norte de Guadalajara, que trabajaba como cocinera en la cafetería de la esquina, reportó en la estación de policía que había sido asaltada en la calle Madero la noche anterior y que le robaron 520 pesos. Ella tiene 4 hijos pequeños, la renta está vencida, y ellos no han comido en 2 días. La policía, conmovida por la historia de la mujer, organizó una colecta de dinero para ella”. Por favor, le pido que me cuente la historia con tantos detalles como sea posible. - HABÍA SIDO ASALTADA","1","C","mc_p32_12_21","mc_p32_12_21","0...2,7,8"
"Pregunta MC.P32.13.21 Le contaré otra historia. Por favor, escuche con atención, le voy a pedir que me repita la historia con todos los detalles que pueda. Segunda historia: “María Moreno, del Norte de Guadalajara, que trabajaba como cocinera en la cafetería de la esquina, reportó en la estación de policía que había sido asaltada en la calle Madero la noche anterior y que le robaron 520 pesos. Ella tiene 4 hijos pequeños, la renta está vencida, y ellos no han comido en 2 días. La policía, conmovida por la historia de la mujer, organizó una colecta de dinero para ella”. Por favor, le pido que me cuente la historia con tantos detalles como sea posible. - EN LA CALLE MADERO","1","C","mc_p32_13_21","mc_p32_13_21","0...2,7,8"
"Pregunta MC.P32.14.21 Le contaré otra historia. Por favor, escuche con atención, le voy a pedir que me repita la historia con todos los detalles que pueda. Segunda historia: “María Moreno, del Norte de Guadalajara, que trabajaba como cocinera en la cafetería de la esquina, reportó en la estación de policía que había sido asaltada en la calle Madero la noche anterior y que le robaron 520 pesos. Ella tiene 4 hijos pequeños, la renta está vencida, y ellos no han comido en 2 días. La policía, conmovida por la historia de la mujer, organizó una colecta de dinero para ella”. Por favor, le pido que me cuente la historia con tantos detalles como sea posible. - LA NOCHE ANTERIOR","1","C","mc_p32_14_21","mc_p32_14_21","0...2,7,8"
"Pregunta MC.P32.15.21 Le contaré otra historia. Por favor, escuche con atención, le voy a pedir que me repita la historia con todos los detalles que pueda. Segunda historia: “María Moreno, del Norte de Guadalajara, que trabajaba como cocinera en la cafetería de la esquina, reportó en la estación de policía que había sido asaltada en la calle Madero la noche anterior y que le robaron 520 pesos. Ella tiene 4 hijos pequeños, la renta está vencida, y ellos no han comido en 2 días. La policía, conmovida por la historia de la mujer, organizó una colecta de dinero para ella”. Por favor, le pido que me cuente la historia con tantos detalles como sea posible. - Y LE ROBARON","1","C","mc_p32_15_21","mc_p32_15_21","0...2,7,8"
"Pregunta MC.P32.16.21 Le contaré otra historia. Por favor, escuche con atención, le voy a pedir que me repita la historia con todos los detalles que pueda. Segunda historia: “María Moreno, del Norte de Guadalajara, que trabajaba como cocinera en la cafetería de la esquina, reportó en la estación de policía que había sido asaltada en la calle Madero la noche anterior y que le robaron 520 pesos. Ella tiene 4 hijos pequeños, la renta está vencida, y ellos no han comido en 2 días. La policía, conmovida por la historia de la mujer, organizó una colecta de dinero para ella”. Por favor, le pido que me cuente la historia con tantos detalles como sea posible. - 520 PESOS","1","C","mc_p32_16_21","mc_p32_16_21","0...2,7,8"
"Pregunta MC.P32.17.21 Le contaré otra historia. Por favor, escuche con atención, le voy a pedir que me repita la historia con todos los detalles que pueda. Segunda historia: “María Moreno, del Norte de Guadalajara, que trabajaba como cocinera en la cafetería de la esquina, reportó en la estación de policía que había sido asaltada en la calle Madero la noche anterior y que le robaron 520 pesos. Ella tiene 4 hijos pequeños, la renta está vencida, y ellos no han comido en 2 días. La policía, conmovida por la historia de la mujer, organizó una colecta de dinero para ella”. Por favor, le pido que me cuente la historia con tantos detalles como sea posible. - TIENE 4","1","C","mc_p32_17_21","mc_p32_17_21","0...2,7,8"
"Pregunta MC.P32.18.21 Le contaré otra historia. Por favor, escuche con atención, le voy a pedir que me repita la historia con todos los detalles que pueda. Segunda historia: “María Moreno, del Norte de Guadalajara, que trabajaba como cocinera en la cafetería de la esquina, reportó en la estación de policía que había sido asaltada en la calle Madero la noche anterior y que le robaron 520 pesos. Ella tiene 4 hijos pequeños, la renta está vencida, y ellos no han comido en 2 días. La policía, conmovida por la historia de la mujer, organizó una colecta de dinero para ella”. Por favor, le pido que me cuente la historia con tantos detalles como sea posible. - HIJOS PEQUEÑOS","1","C","mc_p32_18_21","mc_p32_18_21","0...2,7,8"
"Pregunta MC.P32.19.21 Le contaré otra historia. Por favor, escuche con atención, le voy a pedir que me repita la historia con todos los detalles que pueda. Segunda historia: “María Moreno, del Norte de Guadalajara, que trabajaba como cocinera en la cafetería de la esquina, reportó en la estación de policía que había sido asaltada en la calle Madero la noche anterior y que le robaron 520 pesos. Ella tiene 4 hijos pequeños, la renta está vencida, y ellos no han comido en 2 días. La policía, conmovida por la historia de la mujer, organizó una colecta de dinero para ella”. Por favor, le pido que me cuente la historia con tantos detalles como sea posible. - LA RENTA ESTÁ VENCIDA","1","C","mc_p32_19_21","mc_p32_19_21","0...2,7,8"
"Pregunta MC.P32.20.21 Le contaré otra historia. Por favor, escuche con atención, le voy a pedir que me repita la historia con todos los detalles que pueda. Segunda historia: “María Moreno, del Norte de Guadalajara, que trabajaba como cocinera en la cafetería de la esquina, reportó en la estación de policía que había sido asaltada en la calle Madero la noche anterior y que le robaron 520 pesos. Ella tiene 4 hijos pequeños, la renta está vencida, y ellos no han comido en 2 días. La policía, conmovida por la historia de la mujer, organizó una colecta de dinero para ella”. Por favor, le pido que me cuente la historia con tantos detalles como sea posible. - NO HAN COMIDO","1","C","mc_p32_20_21","mc_p32_20_21","0...2,7,8"
"Pregunta MC.P32.21.21 Le contaré otra historia. Por favor, escuche con atención, le voy a pedir que me repita la historia con todos los detalles que pueda. Segunda historia: “María Moreno, del Norte de Guadalajara, que trabajaba como cocinera en la cafetería de la esquina, reportó en la estación de policía que había sido asaltada en la calle Madero la noche anterior y que le robaron 520 pesos. Ella tiene 4 hijos pequeños, la renta está vencida, y ellos no han comido en 2 días. La policía, conmovida por la historia de la mujer, organizó una colecta de dinero para ella”. Por favor, le pido que me cuente la historia con tantos detalles como sea posible. - EN DOS DÍAS","1","C","mc_p32_21_21","mc_p32_21_21","0...2,7,8"
"Pregunta MC.P32.22.21 Le contaré otra historia. Por favor, escuche con atención, le voy a pedir que me repita la historia con todos los detalles que pueda. Segunda historia: “María Moreno, del Norte de Guadalajara, que trabajaba como cocinera en la cafetería de la esquina, reportó en la estación de policía que había sido asaltada en la calle Madero la noche anterior y que le robaron 520 pesos. Ella tiene 4 hijos pequeños, la renta está vencida, y ellos no han comido en 2 días. La policía, conmovida por la historia de la mujer, organizó una colecta de dinero para ella”. Por favor, le pido que me cuente la historia con tantos detalles como sea posible. - LA POLICÍA","1","C","mc_p32_22_21","mc_p32_22_21","0...2,7,8"
"Pregunta MC.P32.23.21 Le contaré otra historia. Por favor, escuche con atención, le voy a pedir que me repita la historia con todos los detalles que pueda. Segunda historia: “María Moreno, del Norte de Guadalajara, que trabajaba como cocinera en la cafetería de la esquina, reportó en la estación de policía que había sido asaltada en la calle Madero la noche anterior y que le robaron 520 pesos. Ella tiene 4 hijos pequeños, la renta está vencida, y ellos no han comido en 2 días. La policía, conmovida por la historia de la mujer, organizó una colecta de dinero para ella”. Por favor, le pido que me cuente la historia con tantos detalles como sea posible. - CONMOVIDA POR LA HISTORIA DE LA MUJER","1","C","mc_p32_23_21","mc_p32_23_21","0...2,7,8"
"Pregunta MC.P32.24.21 Le contaré otra historia. Por favor, escuche con atención, le voy a pedir que me repita la historia con todos los detalles que pueda. Segunda historia: “María Moreno, del Norte de Guadalajara, que trabajaba como cocinera en la cafetería de la esquina, reportó en la estación de policía que había sido asaltada en la calle Madero la noche anterior y que le robaron 520 pesos. Ella tiene 4 hijos pequeños, la renta está vencida, y ellos no han comido en 2 días. La policía, conmovida por la historia de la mujer, organizó una colecta de dinero para ella”. Por favor, le pido que me cuente la historia con tantos detalles como sea posible. - ORGANIZÓ UNA COLECTA DE DINERO","1","C","mc_p32_24_21","mc_p32_24_21","0...2,7,8"
"Pregunta MC.P32.25.21 Le contaré otra historia. Por favor, escuche con atención, le voy a pedir que me repita la historia con todos los detalles que pueda. Segunda historia: “María Moreno, del Norte de Guadalajara, que trabajaba como cocinera en la cafetería de la esquina, reportó en la estación de policía que había sido asaltada en la calle Madero la noche anterior y que le robaron 520 pesos. Ella tiene 4 hijos pequeños, la renta está vencida, y ellos no han comido en 2 días. La policía, conmovida por la historia de la mujer, organizó una colecta de dinero para ella”. Por favor, le pido que me cuente la historia con tantos detalles como sea posible. - PARA ELLA","1","C","mc_p32_25_21","mc_p32_25_21","0...2,7,8"
"Pregunta MC.P33.01.21 Ahora le voy a leer una lista de palabras. Algunas son de la lista que le leí hace unos minutos y otras no. Diga “SÍ”, cuando la palabra que le lea es una de las que escuchó antes y diga “NO”, cuando es una palabra que no he mencionado. - IGLESIA","1","C","mc_p33_01_21","mc_p33_01_21","1,2,8"
"Pregunta MC.P33.02.21 Ahora le voy a leer una lista de palabras. Algunas son de la lista que le leí hace unos minutos y otras no. Diga “SÍ”, cuando la palabra que le lea es una de las que escuchó antes y diga “NO”, cuando es una palabra que no he mencionado. - CAFÉ","1","C","mc_p33_02_21","mc_p33_02_21","1,2,8"
"Pregunta MC.P33.03.21 Ahora le voy a leer una lista de palabras. Algunas son de la lista que le leí hace unos minutos y otras no. Diga “SÍ”, cuando la palabra que le lea es una de las que escuchó antes y diga “NO”, cuando es una palabra que no he mencionado. - MANTEQUILLA","1","C","mc_p33_03_21","mc_p33_03_21","1,2,8"
"Pregunta MC.P33.04.21 Ahora le voy a leer una lista de palabras. Algunas son de la lista que le leí hace unos minutos y otras no. Diga “SÍ”, cuando la palabra que le lea es una de las que escuchó antes y diga “NO”, cuando es una palabra que no he mencionado. - PESO","1","C","mc_p33_04_21","mc_p33_04_21","1,2,8"
"Pregunta MC.P33.05.21 Ahora le voy a leer una lista de palabras. Algunas son de la lista que le leí hace unos minutos y otras no. Diga “SÍ”, cuando la palabra que le lea es una de las que escuchó antes y diga “NO”, cuando es una palabra que no he mencionado. - BRAZO","1","C","mc_p33_05_21","mc_p33_05_21","1,2,8"
"Pregunta MC.P33.06.21 Ahora le voy a leer una lista de palabras. Algunas son de la lista que le leí hace unos minutos y otras no. Diga “SÍ”, cuando la palabra que le lea es una de las que escuchó antes y diga “NO”, cuando es una palabra que no he mencionado. - LIBRO","1","C","mc_p33_06_21","mc_p33_06_21","1,2,8"
"Pregunta MC.P33.07.21 Ahora le voy a leer una lista de palabras. Algunas son de la lista que le leí hace unos minutos y otras no. Diga “SÍ”, cuando la palabra que le lea es una de las que escuchó antes y diga “NO”, cuando es una palabra que no he mencionado. - CINCO","1","C","mc_p33_07_21","mc_p33_07_21","1,2,8"
"Pregunta MC.P33.08.21 Ahora le voy a leer una lista de palabras. Algunas son de la lista que le leí hace unos minutos y otras no. Diga “SÍ”, cuando la palabra que le lea es una de las que escuchó antes y diga “NO”, cuando es una palabra que no he mencionado. - CARTA","1","C","mc_p33_08_21","mc_p33_08_21","1,2,8"
"Pregunta MC.P33.09.21 Ahora le voy a leer una lista de palabras. Algunas son de la lista que le leí hace unos minutos y otras no. Diga “SÍ”, cuando la palabra que le lea es una de las que escuchó antes y diga “NO”, cuando es una palabra que no he mencionado. - HOTEL","1","C","mc_p33_09_21","mc_p33_09_21","1,2,8"
"Pregunta MC.P33.10.21 Ahora le voy a leer una lista de palabras. Algunas son de la lista que le leí hace unos minutos y otras no. Diga “SÍ”, cuando la palabra que le lea es una de las que escuchó antes y diga “NO”, cuando es una palabra que no he mencionado. - MONTAÑA","1","C","mc_p33_10_21","mc_p33_10_21","1,2,8"
"Pregunta MC.P33.11.21 Ahora le voy a leer una lista de palabras. Algunas son de la lista que le leí hace unos minutos y otras no. Diga “SÍ”, cuando la palabra que le lea es una de las que escuchó antes y diga “NO”, cuando es una palabra que no he mencionado. - REINA","1","C","mc_p33_11_21","mc_p33_11_21","1,2,8"
"Pregunta MC.P33.12.21 Ahora le voy a leer una lista de palabras. Algunas son de la lista que le leí hace unos minutos y otras no. Diga “SÍ”, cuando la palabra que le lea es una de las que escuchó antes y diga “NO”, cuando es una palabra que no he mencionado. - ESQUINA","1","C","mc_p33_12_21","mc_p33_12_21","1,2,8"
"Pregunta MC.P33.13.21 Ahora le voy a leer una lista de palabras. Algunas son de la lista que le leí hace unos minutos y otras no. Diga “SÍ”, cuando la palabra que le lea es una de las que escuchó antes y diga “NO”, cuando es una palabra que no he mencionado. - ZAPATILLA","1","C","mc_p33_13_21","mc_p33_13_21","1,2,8"
"Pregunta MC.P33.14.21 Ahora le voy a leer una lista de palabras. Algunas son de la lista que le leí hace unos minutos y otras no. Diga “SÍ”, cuando la palabra que le lea es una de las que escuchó antes y diga “NO”, cuando es una palabra que no he mencionado. - BASTÓN","1","C","mc_p33_14_21","mc_p33_14_21","1,2,8"
"Pregunta MC.P33.15.21 Ahora le voy a leer una lista de palabras. Algunas son de la lista que le leí hace unos minutos y otras no. Diga “SÍ”, cuando la palabra que le lea es una de las que escuchó antes y diga “NO”, cuando es una palabra que no he mencionado. - VILLA","1","C","mc_p33_15_21","mc_p33_15_21","1,2,8"
"Pregunta MC.P33.16.21 Ahora le voy a leer una lista de palabras. Algunas son de la lista que le leí hace unos minutos y otras no. Diga “SÍ”, cuando la palabra que le lea es una de las que escuchó antes y diga “NO”, cuando es una palabra que no he mencionado. - CUERDA","1","C","mc_p33_16_21","mc_p33_16_21","1,2,8"
"Pregunta MC.P33.17.21 Ahora le voy a leer una lista de palabras. Algunas son de la lista que le leí hace unos minutos y otras no. Diga “SÍ”, cuando la palabra que le lea es una de las que escuchó antes y diga “NO”, cuando es una palabra que no he mencionado. - BOLETO","1","C","mc_p33_17_21","mc_p33_17_21","1,2,8"
"Pregunta MC.P33.18.21 Ahora le voy a leer una lista de palabras. Algunas son de la lista que le leí hace unos minutos y otras no. Diga “SÍ”, cuando la palabra que le lea es una de las que escuchó antes y diga “NO”, cuando es una palabra que no he mencionado. - TROPAS","1","C","mc_p33_18_21","mc_p33_18_21","1,2,8"
"Pregunta MC.P33.19.21 Ahora le voy a leer una lista de palabras. Algunas son de la lista que le leí hace unos minutos y otras no. Diga “SÍ”, cuando la palabra que le lea es una de las que escuchó antes y diga “NO”, cuando es una palabra que no he mencionado. - HIERBA","1","C","mc_p33_19_21","mc_p33_19_21","1,2,8"
"Pregunta MC.P33.20.21 Ahora le voy a leer una lista de palabras. Algunas son de la lista que le leí hace unos minutos y otras no. Diga “SÍ”, cuando la palabra que le lea es una de las que escuchó antes y diga “NO”, cuando es una palabra que no he mencionado. - PIEDRA","1","C","mc_p33_20_21","mc_p33_20_21","1,2,8"
"Pregunta MC.FILTRO.3.21 Tiene limitación física en sus manos o limitación visual (código 3 en preguntas 9 ó 10)","1","C","mc_filtro_3_21","mc_filtro_3_21","1,2"
"Pregunta MC.P34.1.21 Ahora le voy a pedir que tome la pluma y copie unas figuras en las hojas destinadas para ello. Son cuatro. - FIGURA 1","1","C","mc_p34_1_21","mc_p34_1_21","1,2,8"
"Pregunta MC.PRAXIAS.CIRCULO.21 Evaluación y resultado del ejercicio correspondiente a Praxias círculo","1","C","mc_praxias_circulo_21","mc_praxias_circulo_21","0...2"
"Pregunta MC.P34.2.21 Ahora le voy a pedir que tome la pluma y copie unas figuras en las hojas destinadas para ello. Son cuatro. - FIGURA 2","1","C","mc_p34_2_21","mc_p34_2_21","1,2,8"
"Pregunta MC.PRAXIAS.ROMBO.21 Evaluación y resultado del ejercicio correspondiente a Praxias rombo","1","C","mc_praxias_rombo_21","mc_praxias_rombo_21","0...3"
"Pregunta MC.P34.3.21 Ahora le voy a pedir que tome la pluma y copie unas figuras en las hojas destinadas para ello. Son cuatro. - FIGURA 3","1","C","mc_p34_3_21","mc_p34_3_21","1,2,8"
"Pregunta MC.PRAXIAS.RECTANGULO.21 Evaluación y resultado del ejercicio correspondiente a Praxias rectángulo","1","C","mc_praxias_rectangulo_21","mc_praxias_rectangulo_21","0...2"
"Pregunta MC.P34.4.21 Ahora le voy a pedir que tome la pluma y copie unas figuras en las hojas destinadas para ello. Son cuatro. - FIGURA 4","1","C","mc_p34_4_21","mc_p34_4_21","1,2,8"
"Pregunta MC.PRAXIAS.CUBO.21 Evaluación y resultado del ejercicio correspondiente a Praxias cubo","1","C","mc_praxias_cubo_21","mc_praxias_cubo_21","0...4"
"Pregunta MC.P35.21 Vea estos números del 1 al 9. Cada número tiene en la parte de abajo un símbolo. Abajo hay filas donde están los números, pero faltan los símbolos. Usted tendrá que dibujar el símbolo que corresponde a cada número","1","C","mc_p35_21","mc_p35_21","1,2"
"Pregunta MC.SIMBOLO.INTENTOS.21 Evaluación y resultado del ejercicio correspondiente a Símbolo intentos","2","C","mc_simbolo_intentos_21","","00...56"
"Pregunta MC.SIMBOLO.CORRECTOS.21 Evaluación y resultado del ejercicio correspondiente a Símbolo correctos","2","C","mc_simbolo_correctos_21","","00...56"
"Pregunta MC.P36.21 Por favor, dibuje en esta hoja las cuatro figuras que le mostré hace un rato y que usted copió","1","C","mc_p36_21","mc_p36_21","1,2"
"Pregunta MC.EVOCACION.CIRCULO.21 Evaluación y resultado del ejercicio correspondiente a Evocación círculo","1","C","mc_evocacion_circulo_21","mc_evocacion_circulo_21","0...2"
"Pregunta MC.EVOCACION.ROMBO.21 Evaluación y resultado del ejercicio correspondiente a Evocación rombo","1","C","mc_evocacion_rombo_21","mc_evocacion_rombo_21","0...3"
"Pregunta MC.EVOCACION.RECTANGULO.21 Evaluación y resultado del ejercicio correspondiente a Evocación rectángulo","1","C","mc_evocacion_rectangulo_21","mc_evocacion_rectangulo_21","0...2"
"Pregunta MC.EVOCACION.CUBO.21 Evaluación y resultado del ejercicio correspondiente a Evocación cubo","1","C","mc_evocacion_cubo_21","mc_evocacion_cubo_21","0...4"
"Pregunta MC.P37.1.21 Ahora le pido por favor, que me cuente otra vez la historia sobre el incendio con tantos detalles como sea posible. - TRES NIÑOS","1","C","mc_p37_1_21","mc_p37_1_21","0...2,7,8"
"Pregunta MC.P37.2.21 Ahora le pido por favor, que me cuente otra vez la historia sobre el incendio con tantos detalles como sea posible. - CASA SE INCENDIÓ","1","C","mc_p37_2_21","mc_p37_2_21","0...2,7,8"
"Pregunta MC.P37.3.21 Ahora le pido por favor, que me cuente otra vez la historia sobre el incendio con tantos detalles como sea posible. - HOMBRE VALIENTE LOGRÓ SUBIRSE","1","C","mc_p37_3_21","mc_p37_3_21","0...2,7,8"
"Pregunta MC.P37.4.21 Ahora le pido por favor, que me cuente otra vez la historia sobre el incendio con tantos detalles como sea posible. - SACÓ A LOS NIÑOS","1","C","mc_p37_4_21","mc_p37_4_21","0...2,7,8"
"Pregunta MC.P37.5.21 Ahora le pido por favor, que me cuente otra vez la historia sobre el incendio con tantos detalles como sea posible. - HERIDAS PEQUEÑAS","1","C","mc_p37_5_21","mc_p37_5_21","0...2,7,8"
"Pregunta MC.P37.6.21 Ahora le pido por favor, que me cuente otra vez la historia sobre el incendio con tantos detalles como sea posible. - TODOS ESTÁN BIEN","1","C","mc_p37_6_21","mc_p37_6_21","0...2,7,8"
"Pregunta MC.P38.01.21 Ahora le pido por favor, que me cuente otra vez la historia sobre el asalto con tantos detalles como sea posible. - MARÍA","1","C","mc_p38_01_21","mc_p38_01_21","0...2,7,8"
"Pregunta MC.P38.02.21 Ahora le pido por favor, que me cuente otra vez la historia sobre el asalto con tantos detalles como sea posible. - MORENO","1","C","mc_p38_02_21","mc_p38_02_21","0...2,7,8"
"Pregunta MC.P38.03.21 Ahora le pido por favor, que me cuente otra vez la historia sobre el asalto con tantos detalles como sea posible. - DEL NORTE","1","C","mc_p38_03_21","mc_p38_03_21","0...2,7,8"
"Pregunta MC.P38.04.21 Ahora le pido por favor, que me cuente otra vez la historia sobre el asalto con tantos detalles como sea posible. - GUADALAJARA","1","C","mc_p38_04_21","mc_p38_04_21","0...2,7,8"
"Pregunta MC.P38.05.21 Ahora le pido por favor, que me cuente otra vez la historia sobre el asalto con tantos detalles como sea posible. - TRABAJABA","1","C","mc_p38_05_21","mc_p38_05_21","0...2,7,8"
"Pregunta MC.P38.06.21 Ahora le pido por favor, que me cuente otra vez la historia sobre el asalto con tantos detalles como sea posible. - COCINERA","1","C","mc_p38_06_21","mc_p38_06_21","0...2,7,8"
"Pregunta MC.P38.07.21 Ahora le pido por favor, que me cuente otra vez la historia sobre el asalto con tantos detalles como sea posible. - CAFETERÍA","1","C","mc_p38_07_21","mc_p38_07_21","0...2,7,8"
"Pregunta MC.P38.08.21 Ahora le pido por favor, que me cuente otra vez la historia sobre el asalto con tantos detalles como sea posible. - ESQUINA","1","C","mc_p38_08_21","mc_p38_08_21","0...2,7,8"
"Pregunta MC.P38.09.21 Ahora le pido por favor, que me cuente otra vez la historia sobre el asalto con tantos detalles como sea posible. - REPORTÓ","1","C","mc_p38_09_21","mc_p38_09_21","0...2,7,8"
"Pregunta MC.P38.10.21 Ahora le pido por favor, que me cuente otra vez la historia sobre el asalto con tantos detalles como sea posible. - EN LA ESTACIÓN","1","C","mc_p38_10_21","mc_p38_10_21","0...2,7,8"
"Pregunta MC.P38.11.21 Ahora le pido por favor, que me cuente otra vez la historia sobre el asalto con tantos detalles como sea posible. - POLICÍA","1","C","mc_p38_11_21","mc_p38_11_21","0...2,7,8"
"Pregunta MC.P38.12.21 Ahora le pido por favor, que me cuente otra vez la historia sobre el asalto con tantos detalles como sea posible. - HABÍA SIDO ASALTADA","1","C","mc_p38_12_21","mc_p38_12_21","0...2,7,8"
"Pregunta MC.P38.13.21 Ahora le pido por favor, que me cuente otra vez la historia sobre el asalto con tantos detalles como sea posible. - EN LA CALLE MADERO","1","C","mc_p38_13_21","mc_p38_13_21","0...2,7,8"
"Pregunta MC.P38.14.21 Ahora le pido por favor, que me cuente otra vez la historia sobre el asalto con tantos detalles como sea posible. - LA NOCHE ANTERIOR","1","C","mc_p38_14_21","mc_p38_14_21","0...2,7,8"
"Pregunta MC.P38.15.21 Ahora le pido por favor, que me cuente otra vez la historia sobre el asalto con tantos detalles como sea posible. - Y LE ROBARON","1","C","mc_p38_15_21","mc_p38_15_21","0...2,7,8"
"Pregunta MC.P38.16.21 Ahora le pido por favor, que me cuente otra vez la historia sobre el asalto con tantos detalles como sea posible. - 520 PESOS","1","C","mc_p38_16_21","mc_p38_16_21","0...2,7,8"
"Pregunta MC.P38.17.21 Ahora le pido por favor, que me cuente otra vez la historia sobre el asalto con tantos detalles como sea posible. - TIENE 4","1","C","mc_p38_17_21","mc_p38_17_21","0...2,7,8"
"Pregunta MC.P38.18.21 Ahora le pido por favor, que me cuente otra vez la historia sobre el asalto con tantos detalles como sea posible. - HIJOS PEQUEÑOS","1","C","mc_p38_18_21","mc_p38_18_21","0...2,7,8"
"Pregunta MC.P38.19.21 Ahora le pido por favor, que me cuente otra vez la historia sobre el asalto con tantos detalles como sea posible. - LA RENTA ESTÁ VENCIDA","1","C","mc_p38_19_21","mc_p38_19_21","0...2,7,8"
"Pregunta MC.P38.20.21 Ahora le pido por favor, que me cuente otra vez la historia sobre el asalto con tantos detalles como sea posible. - NO HAN COMIDO","1","C","mc_p38_20_21","mc_p38_20_21","0...2,7,8"
"Pregunta MC.P38.21.21 Ahora le pido por favor, que me cuente otra vez la historia sobre el asalto con tantos detalles como sea posible. - EN DOS DÍAS","1","C","mc_p38_21_21","mc_p38_21_21","0...2,7,8"
"Pregunta MC.P38.22.21 Ahora le pido por favor, que me cuente otra vez la historia sobre el asalto con tantos detalles como sea posible. - LA POLICÍA","1","C","mc_p38_22_21","mc_p38_22_21","0...2,7,8"
"Pregunta MC.P38.23.21 Ahora le pido por favor, que me cuente otra vez la historia sobre el asalto con tantos detalles como sea posible. - CONMOVIDA POR LA HISTORIA DE LA MUJER","1","C","mc_p38_23_21","mc_p38_23_21","0...2,7,8"
"Pregunta MC.P38.24.21 Ahora le pido por favor, que me cuente otra vez la historia sobre el asalto con tantos detalles como sea posible. - ORGANIZÓ UNA COLECTA DE DINERO","1","C","mc_p38_24_21","mc_p38_24_21","0...2,7,8"
"Pregunta MC.P38.25.21 Ahora le pido por favor, que me cuente otra vez la historia sobre el asalto con tantos detalles como sea posible. - PARA ELLA","1","C","mc_p38_25_21","mc_p38_25_21","0...2,7,8"
"Pregunta MC.P39.21 ¿En qué se parecen un plátano y una naranja?","1","C","mc_p39_21","mc_p39_21","1,2,8,9"
"Pregunta MC.P40.21 ¿En qué se parecen una mesa y una silla?","1","C","mc_p40_21","mc_p40_21","1,2,8,9"
"Pregunta MC.P41.21 ¿En qué se parecen una rosa y una margarita?","1","C","mc_p41_21","mc_p41_21","1,2,8,9"
"Pregunta MC.FILTRO.4.21 Tiene limitación física en sus manos (código 3 en pregunta 9)","1","C","mc_filtro_4_21","mc_filtro_4_21","1,2"
"Pregunta MC.P42.01.21 Ahora, le voy a pedir que aplauda una vez cuando yo le diga “Uno”. Hagamos un ejercicio, “Uno”. Ahora, cuando yo le diga “Dos”, no aplauda. Hagamos el ejercicio: “Dos”. - UNO","1","C","mc_p42_01_21","mc_p42_01_21","0...2,8,9"
"Pregunta MC.P42.02.21 Ahora, le voy a pedir que aplauda una vez cuando yo le diga “Uno”. Hagamos un ejercicio, “Uno”. Ahora, cuando yo le diga “Dos”, no aplauda. Hagamos el ejercicio: “Dos”. - UNO","1","C","mc_p42_02_21","mc_p42_02_21","0...2,8,9"
"Pregunta MC.P42.03.21 Ahora, le voy a pedir que aplauda una vez cuando yo le diga “Uno”. Hagamos un ejercicio, “Uno”. Ahora, cuando yo le diga “Dos”, no aplauda. Hagamos el ejercicio: “Dos”. - DOS","1","C","mc_p42_03_21","mc_p42_03_21","0...2,8,9"
"Pregunta MC.P42.04.21 Ahora, le voy a pedir que aplauda una vez cuando yo le diga “Uno”. Hagamos un ejercicio, “Uno”. Ahora, cuando yo le diga “Dos”, no aplauda. Hagamos el ejercicio: “Dos”. - UNO","1","C","mc_p42_04_21","mc_p42_04_21","0...2,8,9"
"Pregunta MC.P42.05.21 Ahora, le voy a pedir que aplauda una vez cuando yo le diga “Uno”. Hagamos un ejercicio, “Uno”. Ahora, cuando yo le diga “Dos”, no aplauda. Hagamos el ejercicio: “Dos”. - DOS","1","C","mc_p42_05_21","mc_p42_05_21","0...2,8,9"
"Pregunta MC.P42.06.21 Ahora, le voy a pedir que aplauda una vez cuando yo le diga “Uno”. Hagamos un ejercicio, “Uno”. Ahora, cuando yo le diga “Dos”, no aplauda. Hagamos el ejercicio: “Dos”. - DOS","1","C","mc_p42_06_21","mc_p42_06_21","0...2,8,9"
"Pregunta MC.P42.07.21 Ahora, le voy a pedir que aplauda una vez cuando yo le diga “Uno”. Hagamos un ejercicio, “Uno”. Ahora, cuando yo le diga “Dos”, no aplauda. Hagamos el ejercicio: “Dos”. - DOS","1","C","mc_p42_07_21","mc_p42_07_21","0...2,8,9"
"Pregunta MC.P42.08.21 Ahora, le voy a pedir que aplauda una vez cuando yo le diga “Uno”. Hagamos un ejercicio, “Uno”. Ahora, cuando yo le diga “Dos”, no aplauda. Hagamos el ejercicio: “Dos”. - UNO","1","C","mc_p42_08_21","mc_p42_08_21","0...2,8,9"
"Pregunta MC.P42.09.21 Ahora, le voy a pedir que aplauda una vez cuando yo le diga “Uno”. Hagamos un ejercicio, “Uno”. Ahora, cuando yo le diga “Dos”, no aplauda. Hagamos el ejercicio: “Dos”. - UNO","1","C","mc_p42_09_21","mc_p42_09_21","0...2,8,9"
"Pregunta MC.P42.10.21 Ahora, le voy a pedir que aplauda una vez cuando yo le diga “Uno”. Hagamos un ejercicio, “Uno”. Ahora, cuando yo le diga “Dos”, no aplauda. Hagamos el ejercicio: “Dos”. - DOS","1","C","mc_p42_10_21","mc_p42_10_21","0...2,8,9"
"Pregunta MC.P43.21 En el presente, ¿cómo evaluaría usted su memoria o habilidad para recordar? ¿Diría que es...?","1","C","mc_p43_21","mc_p43_21","1...5,8,9"
"Pregunta MC.P44.21 Comparando con hace dos años, ¿diría que su memoria o habilidad para recordar es...?","1","C","mc_p44_21","mc_p44_21","1...3,8,9"
"Pregunta MC.P45.1.21 Estas preguntas se refieren a cómo se ha sentido usted durante la semana pasada. Para cada pregunta, por favor dígame, ¿la mayor parte del tiempo se ha sentido deprimido(a)?","1","C","mc_p45_1_21","mc_p45_1_21","1,2,8"
"Pregunta MC.P45.2.21 Estas preguntas se refieren a cómo se ha sentido usted durante la semana pasada. Para cada pregunta, por favor dígame, ¿la mayor parte del tiempo ha sentido que todo lo que hacía era un esfuerzo?","1","C","mc_p45_2_21","mc_p45_2_21","1,2,8"
"Pregunta MC.P45.3.21 Estas preguntas se refieren a cómo se ha sentido usted durante la semana pasada. Para cada pregunta, por favor dígame, ¿la mayor parte del tiempo ha sentido que su sueño era intranquilo?","1","C","mc_p45_3_21","mc_p45_3_21","1,2,8"
"Pregunta MC.P45.4.21 Estas preguntas se refieren a cómo se ha sentido usted durante la semana pasada. Para cada pregunta, por favor dígame, ¿la mayor parte del tiempo se ha sentido feliz?","1","C","mc_p45_4_21","mc_p45_4_21","1,2,8"
"Pregunta MC.P45.5.21 Estas preguntas se refieren a cómo se ha sentido usted durante la semana pasada. Para cada pregunta, por favor dígame, ¿la mayor parte del tiempo se ha sentido solo(a)?","1","C","mc_p45_5_21","mc_p45_5_21","1,2,8"
"Pregunta MC.P45.6.21 Estas preguntas se refieren a cómo se ha sentido usted durante la semana pasada. Para cada pregunta, por favor dígame, ¿la mayor parte del tiempo ha sentido que disfrutaba de la vida?","1","C","mc_p45_6_21","mc_p45_6_21","1,2,8"
"Pregunta MC.P45.7.21 Estas preguntas se refieren a cómo se ha sentido usted durante la semana pasada. Para cada pregunta, por favor dígame, ¿la mayor parte del tiempo se ha sentido triste?","1","C","mc_p45_7_21","mc_p45_7_21","1,2,8"
"Pregunta MC.P45.8.21 Estas preguntas se refieren a cómo se ha sentido usted durante la semana pasada. Para cada pregunta, por favor dígame, ¿la mayor parte del tiempo se ha sentido cansado(a)?","1","C","mc_p45_8_21","mc_p45_8_21","1,2,8"
"Pregunta MC.P45.9.21 Estas preguntas se refieren a cómo se ha sentido usted durante la semana pasada. Para cada pregunta, por favor dígame, ¿la mayor parte del tiempo ha sentido que tenía mucha energía?","1","C","mc_p45_9_21","mc_p45_9_21","1,2,8"
"Pregunta MC.P46A.21 Dígame si tiene dificultad con las actividades que yo le voy a mencionar. Si usted no hace alguna actividad, simplemente dígamelo. No incluya dificultades que cree que durarán menos de tres meses. Debido a un problema de salud ¿usted tiene dificultad en preparar una comida caliente?","1","C","mc_p46a_21","mc_p46a_21","1...4,8,9"
"Pregunta MC.P46B.21 ¿Esto es debido a un problema de salud?","1","C","mc_p46b_21","mc_p46b_21","1...4"
"Pregunta MC.P46C.21 ¿Alguien le ayuda a usted?","1","C","mc_p46c_21","mc_p46c_21","1...4"
"Pregunta MC.P47A.21 Dígame si tiene dificultad con las actividades que yo le voy a mencionar. Si usted no hace alguna actividad, simplemente dígamelo. No incluya dificultades que cree que durarán menos de tres meses. Debido a un problema de salud ¿usted tiene dificultad en hacer compras de víveres/mandado?","1","C","mc_p47a_21","mc_p47a_21","1...4,8,9"
"Pregunta MC.P47B.21 ¿Esto es debido a un problema de salud?","1","C","mc_p47b_21","mc_p47b_21","1,2,8,9"
"Pregunta MC.P47C.21 ¿Alguien le ayuda a usted?","1","C","mc_p47c_21","mc_p47c_21","1,2,8,9"
"Pregunta MC.P48A.21 Dígame si tiene dificultad con las actividades que yo le voy a mencionar. Si usted no hace alguna actividad, simplemente dígamelo. No incluya dificultades que cree que durarán menos de tres meses. Debido a un problema de salud ¿usted tiene dificultad en tomar sus medicamentos (si toma alguno o tuviera que tomar alguno)?","1","C","mc_p48a_21","mc_p48a_21","1...4,8,9"
"Pregunta MC.P48B.21 ¿Esto es debido a un problema de salud?","1","C","mc_p48b_21","mc_p48b_21","1,2,8,9"
"Pregunta MC.P48C.21 ¿Alguien le ayuda a usted?","1","C","mc_p48c_21","mc_p48c_21","1,2,8,9"
"Pregunta MC.P49A.21 Dígame si tiene dificultad con las actividades que yo le voy a mencionar. Si usted no hace alguna actividad, simplemente dígamelo. No incluya dificultades que cree que durarán menos de tres meses. Debido a un problema de salud ¿usted tiene dificultad para manejar su dinero?","1","C","mc_p49a_21","mc_p49a_21","1...4,8,9"
"Pregunta MC.P49B.21 ¿Esto es debido a un problema de salud?","1","C","mc_p49b_21","mc_p49b_21","1,2,8,9"
"Pregunta MC.P49C.21 ¿Alguien le ayuda a usted?","1","C","mc_p49c_21","mc_p49c_21","1,2,8,9"
"Pregunta MC.PCOVID1.21 De marzo de 2020 a la fecha, ¿a usted le ha dicho un doctor o personal médico que tuvo o tiene COVID-19?","1","C","mc_pcovid1_21","mc_pcovid1_21","1,2,8,9"
"Pregunta MC.PCOVID2.21 ¿Tuvo que ir usted a un servicio de urgencias debido al COVID-19?","1","C","mc_pcovid2_21","mc_pcovid2_21","1,2,8,9"
"Pregunta MC.PCOVID3.21 ¿Estuvo usted hospitalizado(a) debido al COVID-19?","1","C","mc_pcovid3_21","mc_pcovid3_21","1,2,8,9"
"Pregunta MC.PCOVID4.21 ¿Cuántos días estuvo hospitalizado(a)?","2","C","mc_pcovid4_21","","01...60"
"Pregunta MC.PCOVID5.21 Aparte de usted, ¿a otros integrantes de su hogar, les ha dicho un doctor o personal médico que tuvieron o tienen COVID-19?","1","C","mc_pcovid5_21","mc_pcovid5_21","1,2,8,9"
"Pregunta MC.PCOVID6.21 ¿Murió alguno de ellos de COVID-19?","1","C","mc_pcovid6_21","mc_pcovid6_21","1,2,8,9"
"Pregunta MC.PCOVID7.21 Debido a la pandemia de COVID-19","1","C","mc_pcovid7_21","mc_pcovid7_21","1...5,8,9"
"Pregunta MC.PCOVID8.1.21 Debido a la pandemia de COVID-19, ¿alguna persona que no es de su hogar como hijos, parientes o amigos, le ha ayudado a usted con dinero o apoyo económico?","1","C","mc_pcovid8_1_21","mc_pcovid8_1_21","1,2,8,9"
"Pregunta MC.PCOVID8.2.21 Debido a la pandemia de COVID-19, ¿alguna persona que no es de su hogar como hijos, parientes o amigos, le ha ayudado a usted comprando comida, haciendo mandados, llevándolo a lugares, o con quehaceres del hogar?","1","C","mc_pcovid8_2_21","mc_pcovid8_2_21","1,2,8,9"
"Pregunta MC.PCOVID9.1.21 Debido a la pandemia de COVID-19, ¿usted ha ayudado a alguna persona que no es de su hogar como hijos, parientes o amigos con dinero o apoyo económico?","1","C","mc_pcovid9_1_21","mc_pcovid9_1_21","1,2,8,9"
"Pregunta MC.PCOVID9.2.21 Debido a la pandemia de COVID-19, ¿usted ha ayudado a alguna persona que no es de su hogar como hijos, parientes o amigos comprando comida, haciendo mandados, llevándolo a lugares, o con quehaceres del hogar?","1","C","mc_pcovid9_2_21","mc_pcovid9_2_21","1,2,8,9"
"Pregunta MC.PCOVID10.21 Desde marzo de 2020, ¿necesitó usted alguna consulta médica o cirugía, pero fue aplazada o cancelada?","1","C","mc_pcovid10_21","mc_pcovid10_21","1,2,8,9"
"Pregunta MC.PCOVID11.21 ¿Por qué se aplazó o canceló esa consulta o atención?","1","C","mc_pcovid11_21","mc_pcovid11_21","1...6,8,9"
"Pregunta MC.PCOVID12.21 Con relación a la pandemia de COVID-19, de marzo de 2020 a la fecha, ¿cuánto estrés ha sentido usted? ¿diría que...?","1","C","mc_pcovid12_21","mc_pcovid12_21","1...4,8,9"
"Pregunta MC.PCOVID13.1.21 Debido a la pandemia de COVID-19, ¿usted ha dejado de hacer los pagos regulares de renta o préstamo de su vivienda?","1","C","mc_pcovid13_1_21","mc_pcovid13_1_21","1,2,8,9"
"Pregunta MC.PCOVID13.2.21 Debido a la pandemia de COVID-19, ¿usted ha dejado de hacer los pagos regulares de tarjetas de crédito o de préstamos?","1","C","mc_pcovid13_2_21","mc_pcovid13_2_21","1,2,8,9"
"Pregunta MC.PCOVID13.3.21 Debido a la pandemia de COVID-19, ¿usted ha dejado de hacer otros pagos regulares como los de servicios de energía o el seguro médico?","1","C","mc_pcovid13_3_21","mc_pcovid13_3_21","1,2,8,9"
"Pregunta MC.PCOVID13.4.21 Debido a la pandemia de COVID-19, ¿usted le faltó dinero para pagar sus gastos médicos?","1","C","mc_pcovid13_4_21","mc_pcovid13_4_21","1,2,8,9"
"Pregunta MC.PCOVID13.5.21 Debido a la pandemia de COVID-19, ¿usted le faltó dinero para comprar algún medicamento que requería tomar?","1","C","mc_pcovid13_5_21","mc_pcovid13_5_21","1,2,8,9"
"Pregunta MC.PCOVID13.6.21 Debido a la pandemia de COVID-19, ¿usted le faltó dinero suficiente para comprar comida?","1","C","mc_pcovid13_6_21","mc_pcovid13_6_21","1,2,8,9"
"Pregunta MC.PCOVID14.1.21 Las siguientes preguntas se refieren a cómo se siente usted respecto a diferentes aspectos de su vida. Para cada uno por favor dígame, ¿qué tan frecuentemente siente que le falta compañía?","1","C","mc_pcovid14_1_21","mc_pcovid14_1_21","1...4,8,9"
"Pregunta MC.PCOVID14.2.21 Las siguientes preguntas se refieren a cómo se siente usted respecto a diferentes aspectos de su vida. Para cada uno por favor dígame, ¿qué tan frecuentemente se siente ignorado(a) por los demás?","1","C","mc_pcovid14_2_21","mc_pcovid14_2_21","1...4,8,9"
"Pregunta MC.PCOVID14.3.21 Las siguientes preguntas se refieren a cómo se siente usted respecto a diferentes aspectos de su vida. Para cada uno por favor dígame, ¿qué tan frecuentemente se siente aislado(a), apartado(a) de los demás?","1","C","mc_pcovid14_3_21","mc_pcovid14_3_21","1...4,8,9"
"Pregunta MC.P50.21 Indica tu opinión general sobre la dificultad que tuvo el sujeto de estudio para completar los ejercicios","1","C","mc_p50_21","mc_p50_21","1...3,8"
"Género","1","C","genero","genero","1,2"
"Edad (grupos)","1","C","edad_mxcog_cat_21","edad_mxcog_cat_21","1...3"
"Durante la semana pasada: Se ha sentido deprimido","1","C","mc_deprimido_21","mc_deprimido_21","0,1"
"Durante la semana pasada: Ha sentido que todo era esfuerzo","1","C","mc_esfuerzo_21","mc_esfuerzo_21","0,1"
"Durante la semana pasada: Sueño intranquilo","1","C","mc_intranquilo_21","mc_intranquilo_21","0,1"
"Durante la semana pasada: Se ha sentido feliz","1","C","mc_feliz_21","mc_feliz_21","0,1"
"Durante la semana pasada: Se ha sentido solo","1","C","mc_solo_21","mc_solo_21","0,1"
"Durante la semana pasada: Ha sentido que disfrutaba de la vida","1","C","mc_disf_vida_21","mc_disf_vida_21","0,1"
"Durante la semana pasada: Se ha sentido triste","1","C","mc_triste_21","mc_triste_21","0,1"
"Durante la semana pasada: Se ha sentido cansado","1","C","mc_cansado_21","mc_cansado_21","0,1"
"Durante la semana pasada: Ha tenido mucha energía","1","C","mc_energia_21","mc_energia_21","0,1"
"Número de síntomas depresivos CES-D","1","C","mc_n_sint_depr_21","","0...9"
"Con 5 o más síntomas depresivos CES-D","1","C","mc_cesd_deprimido_21","mc_cesd_deprimido_21","0,1"
"Autoreporte de memoria","1","C","mc_memoria_21","mc_memoria_21","1...5"
"Comparación de memoria hace dos años","1","C","mc_comp_memoria_21","mc_comp_memoria_21","1...3"
"Dificultad para preparar una comida caliente","1","C","mc_aivd_comidas_21","mc_aivd_comidas_21","0,1"
"Dificultad para comprar víveres/mandados","1","C","mc_aivd_comprar_21","mc_aivd_comprar_21","0,1"
"Dificultad para tomar medicamentos","1","C","mc_aivd_medicina_21","mc_aivd_medicina_21","0,1"
"Dificultad para manejar dinero","1","C","mc_aivd_dinero_21","mc_aivd_dinero_21","0,1"
"Número de limitaciones con AIVDs (0-4)","1","C","mc_n_aivd_21","","0...4"
"Número de limitaciones con AIVDs (grupos)","1","C","mc_aivd_gru_21","mc_aivd_gru_21","0...3"
"Alguna vez le han dicho que tuvo o tiene COVID-19","1","C","mc_tuvocovid_21","mc_tuvocovid_21","0,1"
"Algún integrante del hogar tiene o tuvo COVID-19","1","C","mc_covidhogar_21","mc_covidhogar_21","0,1"
"Cambio en arreglos residenciales debido a COVID-19","1","C","mc_arreglosres_21","mc_arreglosres_21","1...5"
"Recibió ayuda financiera debido a COVID-19","1","C","mc_ayudafin_21","mc_ayudafin_21","0,1"
"Recibió ayuda (haciendo mandados, etc) debido a COVID-19","1","C","mc_ayuda_21","mc_ayuda_21","0,1"
"Dio ayuda financiera debido a COVID-19","1","C","mc_dioayudafin_21","mc_dioayudafin_21","0,1"
"Dio ayuda (haciendo mandados, etc) debido a COVID-19","1","C","mc_dioayuda_21","mc_dioayuda_21","0,1"
"Consulta médica o cirugía aplazada o cancelada","1","C","mc_cancelacion_21","mc_cancelacion_21","0,1"
"Motivo cancelación/aplazamiento consulta médica o cirugía","1","C","mc_motivo_21","mc_motivo_21","0...6"
"Nivel de estrés que ha sentido con relación a la pandemia","1","C","mc_estres_21","mc_estres_21","1...4"
"Debido a COVID-19 ha dejado de hacer pagos regulares de renta o préstamos","1","C","mc_dif_econ_1_21","mc_dif_econ_1_21","0,1"
"Debido a COVID-19 ha dejado de hacer pagos de tarjetas de crédito o","1","C","mc_dif_econ_2_21","mc_dif_econ_2_21","0,1"
"Debido a COVID-19 ha dejado de hacer otros pagos regulares","1","C","mc_dif_econ_3_21","mc_dif_econ_3_21","0,1"
"Debido a COVID-19 le faltó dinero para pagar sus gastos médicos","1","C","mc_dif_econ_4_21","mc_dif_econ_4_21","0,1"
"Debido a COVID-19 le faltó dinero para comprar algún medicamento","1","C","mc_dif_econ_5_21","mc_dif_econ_5_21","0,1"
"Debido a COVID-19 le faltó dinero para comprar comida","1","C","mc_dif_econ_6_21","mc_dif_econ_6_21","0,1"
"Con que frecuencia siente que le falte compañía","1","C","mc_falta_compa_21","mc_falta_compa_21","1...4"
"Con que frecuencia se siente ignorado por los demás","1","C","mc_ignorado_21","mc_ignorado_21","1...4"
"Con que frecuencia se siente aislado, apartado de los demás","1","C","mc_aislado_21","mc_aislado_21","1...4"
